anno	cantanti	titolo	lyrics
1951	Nilla Pizzi	Grazie dei fiori	tanti fiori in questo giorno lieto ho ricevuto rose rose ma le più belle le hai mandate tu grazie dei fior fra tutti gli altri li ho riconosciuti mi han fatto male eppure li ho graditi son rose rosse e parlano d'amor e grazie ancor che in questo giorno tu m'hai ricordato ma se l'amore nostro s'è perduto perché vuoi tormentare il nostro cuor in mezzo a quelle rose ci sono tante spine memorie dolorose di chi ha voluto bene son pagine già chiuse con la parola fine grazie dei fior fra tutti gli altri li ho riconosciuti mi han fatto male eppure li ho graditi son rose rosse e parlano d'amor grazie dei fior e addio per sempre addio senza rancor
1952	Nilla Pizzi	Vola colomba	voglio una casa vicino al mare dove fino a dicembre caldo fa dove sciogliere i passi in libertà e una colomba che dall'albero vicino una colomba che mi sveglierà al mattino voglio acqua farina e sale per fare il pane che con te mangerò una casa vicino al mare che non ha porte né tetto né muri e una colomba sta sull'albero vicino bella colomba che sorveglia il mio destino vola vola colomba leggera nell'aria va luna luna saltello di piuma da sola va ride ride com'è mattiniera e mi sveglierà ci vuole poco per stare bene da qui io ti guardo finché un po' di sole c'è tu leggi e mangi una mela e intorno scende la sera e una colomba sta sull'albero vicino bella colomba che sorveglia il mio destino vola vola colomba leggera nell'aria va luna luna saltello di piuma da sola va ride ride non è prigioniera e canta vola vola colomba leggera nell'aria va fiore fiore di scoglio di mare che nome avrà vola vola colomba leggera e cantando va
1953	Carla Boni, Flo Sandon’s	Viale d’autunno	lungo un viale ingiallito d'autunno tristemente m' hai detto: è finita è finito l'amor più vero il più puro il più splendido amor ma una lacrima bagna il tuo viso quella lacrima dice al mio cuor: non potrò lasciarti più mai più mai più perché nel mio destino ci sei tu non ci lasceremo mai lo sai lo sai se pure lo vorrai non potrai mai più tutta una vita di dolcezze di tenerezze non può svanir i lunghi baci e le carezze le dolci ebbrezze non san mentir lasciam parlare il cuor che vive in ansietà che trema di timor e vuole questo amor o ne morirà non potrò lasciarti più mai più mai più la gioia ed il dolore sei tu in questo viale senza sole
1954	Giorgio Consolini, Gino Latilla	Tutte le mamme	"solo da una regina può nascere un nuovo principe laïoung in your eardrum ritornello non ha senso se vivo da solo se vesto bene se ho soldi e lavoro dite a quel treno che passa solo una volta alla vita che c'ho i biglietti prenotati di un volo ma stai sicura che dovunque andrò nei miei pensieri resteremo insieme mami tranquilla non deluderò nel nostro frigo non c'era mai niente da bere no non c'era mai niente da bere no nel nostro frigo non c'era mai niente da bere no niente da bere niente da bere strofa tuo figlio ancora non conosce gli sforzi che fai sei sola a portare il mondo sulle tue spalle adesso è grande manca poco e gli dirai la verità che suo padre è stato un uomo senza palle nel quartiere lo sanno come vai avanti giudicano come se fossero tutti santi con cervelli piccoli e teleschermi giganti credendosi diversi ma omologandosi agli altri tu sai bene cosa si prova a cucire un calzino bucato veder marcire chi vuoi bene la fame e il degrado gli assegni familiari con i sussidi di stato "" signor giudice pioveva merda e mi sono sporcato"" cristo forse non ha conto di noi non ci ascolta no ci guarda quando preghi e lo vuoi per ogni ragazza madre che non si è posta mai limite solo da una regina può nascere un nuovo principe e fa accussì ritornello non ha senso se vivo da solo se vesto bene se ho soldi e lavoro dite a quel treno che passa solo una volta alla vita che c'ho i biglietti prenotati di un volo ma stai sicura che dovunque andrò nei miei pensieri resteremo insieme mami tranquilla non deluderò nel nostro frigo non c'era mai niente da bere no non c'era mai niente da bere no nel nostro frigo non c'era mai niente da bere no niente da bere niente da bere strofa la moglie del presidente nuovo look in tv e nei salotti stanno discutendo se gli sta bene modestamente penso che sei molto più bella tu pensa vestita meglio e truccata come si deve opere d'arte che levati michelangelo ti sei tolta il pane da bocca per darmelo la domenica i pezzi di nino d' angelo dio benedica tutte le mamme che piangono e pagano il prezzo solo per vederci felici "" metti il casco sopra il mezzo quando vai con gli amici"" quante scuole che ho cambiato e quanti tuoi sacrifici quante felpe mi hai ristretto con le tue lavatrici alcune cose le capisci sole se diventi grande quando non hai più risposta alle domande ora che siamo in cima dimmi quello che quello che si sente stringi forte la mia mano ma questa volta per sempre e fa accussì ritornello non ha senso se vivo da solo se vesto bene se ho soldi e lavoro dite a quel treno che passa solo una volta alla vita che c'ho i biglietti prenotati di un volo ma stai sicura che dovunque andrò nei miei pensieri resteremo insieme mami tranquilla non deluderò nel nostro frigo non c'era mai niente da bere no non c'era mai niente da bere no nel nostro frigo non c'era mai niente da bere no niente da bere niente da bere laïoung in your eardrum"
1955	Claudio Villa, Tullio Pane,	Buongiorno tristezza	"buongiorno tristezza lo non sapevo lusinghe d'amore canzoni d'amore veleni d'amore quando in un bacio le chiesi un cuore mi diede un cuore perdetti un cuore d'allora quante monete d'oro quest'occhi le han donato d'allora buongiorno tristezza amica della mia malinconia la strada la sai facciamoci ancor oggi compagnia buongiorno tristezza torniamo dove un giorno t'incontrai e dissi di lei: "" mi vuole ancora bene"" e mi sbagliai piangono le foglie gialle tutte intorno a me chiedono al mormorio dei platani: "" dov'è"" vedendomi con te buongiorno tristezza amica della mia malinconia"
1956	Franca Raimondi	Aprite le finestre	la prima rosa rossa è già sbocciata e nascon timide le viole mammole ormai la prima rondine è tornata nel cielo limpido comincia a volteggiar il tempo bello viene ad annunciar aprite le finestre al nuovo sole è primavera è primavera lasciate entrare un poco d'aria pura con il profumo dei giardini e i prati in fior aprite le finestre ai nuovi sogni bambine belle innamorate è forse il più bel sogno che sognate sarà domani la felicità nel cielo fra le nuvole d'argento la luna ha già fissato appuntamento aprite le finestre al nuovo sole è primavera festa dell'amor la la la aprite le finestre al nuovo sol sul davanzale un piccolo usignolo dall'ali tenere le piume morbide ha già spiccato il timido suo volo e contro i vetri ha cominciato a picchiettar il suo più bel messaggio vuol portar è primavera è primavera aprite le finestre ai nuovi sogni alle speranze all'illusione lasciate entrare l'ultima canzone che dolcemente scenderà nel cuor nel cielo fra le nuvole d'argento la luna ha già fissato appuntamento aprite le finestre al nuovo sole è primavera festa dell'amor la la la aprite le finestra al primo amor
1957	Claudio Villa, Nunzio Gallo	Corde della mia chitarra	e' tornata l'hanno accolta le stesse cose l'hanno attesa le stesse rose dolce sogno dagli occhi verdi è tornata ma è troppo tardi troppo tardi per chi aspettò corde della mia chitarra se la mano trema sull'accordo se la musica si perde nell' indifferenza d'uno sguardo corde della mia chitarra perchè vi fermate perchè non suonate soltanto per me oh com'era dolce questa musica ohe come adesso sembra inutile se non ci ascolterà non vi fermate corde della mia chitarra suonate per me suonate suonate corde della mia chitarra
1958	Domenico Modugno, Johnny Dorelli	Nel blu dipinto di blu	volare oh oh cantare oh oh oh oh let's fly way up to the cloud away from the maddening crowd we can sing in the glow of a star that i know of whew lovers enjoy peace of mind let us leave the confusion and all disillusion behind just like birds of a feather a rainbow together we'll find volare oh oh cantare oh oh oh oh no wonder my happy heart sings your love has given me wings sometimes the world is a valley of heartaches and tears and in the hustle and bustle no sunshine appears but you and i have our love always there to remind us there is a way we can leave all the shadows behind us volare oh oh volare oh volare oh oh cantare cantare oh oh oh oh oh cantare oh oh no wonder my happy heart sings your love has given me wings no wonder my happy heart sings your love has given me wings my happy heart sings volare oh oh
1959	Domenico Modugno, Johnny Dorelli	Piove (Ciao ciao bambina)	ciao ciao bambina un bacio ancora e poi per sempre ti perderò come una fiaba l'amore passa c'era una volta poi non c'è più cos'è che trema sul tuo visino è pioggia o pianto dimmi cos'è vorrei trovare parole nuove ma piove piove sul nostro amor ciao ciao bambina non ti voltare non posso dirti rimani ancor come una fiaba l'amore passa c'era una volta poi non c'è più cos'è che trema sul tuo visino è pioggia o pianto dimmi cos'è vorrei trovare parole nuove ma piove piove sul nostro amor
1960	Tony Dallara, Renato Rascel	Romantica	"strofa come fai adesso che sei rimasta solo te a sperare in qualche cosa di migliore a pensare anche al grande amore sei un'inguaribile romantica un po' isterica però simpatica certo unica come fai adesso che non c'è neanche più lui con te lui che aveva grandi cose per la testa lui che poi un giorno come niente ha detto "" basta"" sei un'incredibile romantica un po' nevrotica ma non patetica certo unica certo unica certo unica"
1961	Betty Curtis, Luciano Tajoli	Al di là	"hook: enzo dong oh solo dio sa troverò lavoro nell’aldilà non andrò mai in galera non andrò mai in galera non andrò mai in galera non andrò mai no solo dio sa troverò lavoro nell’aldilà non andrò mai in galera non andrò mai in galera non andrò mai in galera non andrò mai verse : wayne sto correndo veloce come una gazzella ho le guardie dietro ho detto "" tony accelera"" fottute guardie fottuta cella ho una canna d’erba da due grammi accesa passala a noi oppure passala a sfera passala a i z i a rkomi oppure a tedua da roma a napoli da milano a genova mando un bacio a mia madre carmela cuoricini ai fratelli che stanno in galera mezza birra va a voi la versiamo per terra non parlare se non sai un cazzo della faccenda questi mi vogliono dentro come gucci o mandela una collana gialla sembra lisa simpson una faccia di cristo sembra mel gibson noi siamo o’ track tu malammore la nuova scissione sai come finisce verse : enzo dong la mia vita tarantella tipo tarantino tutte sere nere io qua la sera rapino dimmi dove ognuno nasce giudicato dimmi dove come quando che poi ti rovino voglio vino tavernello tipo rabbino saltate tra i palazzi con un rampino salutate i miei ragazzi con una biro sì caro siamo i sicari sigari cubani fregati a capodichino seh quale ferro se di ferro c’hai solo il disco di tiziano ferro fanculo alla tua cazzo di gang bang che dopo due tennent’s m’arriva e mi ripete gang-gang-ga-ga-gang ma c' vuò come la mettiamo si vede che io lo faccio come si deve arrivo con la polo gang e dong addio rapper rock’n’roll red hot chili peppers verse : tony effe non andrò mai in galera con la gang da quand’ero sperma passo giù a secondigliano e torno gonfio in centro fumo così tanta erba che mi scambi per un negro lucciole sul collo può vedermi anche un cieco quando passo c’è il sole il mio pendente è una torcia come a napoli nei boxer la pistola la tua ragazza mi vuole al compleanno per torta mi vede entrare e dopo diventa tutta rossa facciamo soldi morti proprio come a napoli fuori tutti quanti i ragazzi dalle carceri liberi hook: enzo dong oh solo dio sa troverò lavoro nell’aldilà non andrò mai in galera non andrò mai in galera non andrò mai in galera non andrò mai no solo dio sa troverò lavoro nell’aldilà non andrò mai in galera non andrò mai in galera non andrò mai in galera non andrò mai"
1962	Domenico Modugno, Claudio Villa	Addio… addio	what we are trying to in all these discussions and talks here is to see if we cannot radically bring about a transformation of the mind not accept things as they are but to understand it to go into it to examine it give your heart and your mind and everything that you have to find out a way of living differently but that depends on you and not somebody else because in this there is no teacher no pupil there's no leader there's no guru there's no master no savior you yourself are the teacher and the pupil you are the master you are the guru you are the leader you are everything and to understand is to transform what is
1963	Tony Renis, Emilio Pericoli	Uno per tutte	refren: louis villain x czuje się jak hrabia monte christo jak hrabia monte christo bo chcieli mi zabrać wszystko no i wróciło do nich wszystko czuje się jak hrabia monte christo jak hrabia monte christo bo chcieli mi zabrać wszystko kiedyś bym postawił na nich wszystko zwrotka : louis villain ciągnę do góry swych braci razem z nimi płynę nikt mi nic nie dał na tacy bo sam se wziąłem #kamerdyner wrogowie nam patrzą w talerz a się mogą tylko co najwyżej wstydu najeść to dla mych caro amico uno per tutti tutti per uno dzięki tym ludziom się czuję wciąż ricco bo ze mną tu fruną trzeba płacić słono jeżeli masz zamiar się wbić na tę półkę i niejeden kojot nie pojmuje tego że trzeba pod górkę refren: avi x czuje się jak hrabia monte christo jak hrabia monte christo bo chcieli mi zabrać wszystko no i wróciło do nich wszystko czuje się jak hrabia monte christo jak hrabia monte christo bo chcieli mi zabrać wszystko kiedyś bym postawił na nich wszystko zwrotka : avi nie ma róży bez kolców mogłem się zaćpać i skończyć na dworcu aż robi się przykro jedyna płyta by była z lastryko rozstanie i odwyk mnie nie zabiły a tylko pomogły gdy myślałem że zgasnę to los podarował mi drugą szansę rzucam sępom padlinę się boją jak płynę bo jestem rekinem nic nie jest jak przedtem popatrz na drogę jaką przeszedłem mieli pójść za mną w ogień niech idą w diabli i z panem bogiem co jeszcze napisze życie odbity od dna se siedzę na szczycie refren: avi x louis villain x czuje się jak hrabia monte christo jak hrabia monte christo bo chcieli mi zabrać wszystko no i wróciło do nich wszystko czuje się jak hrabia monte christo jak hrabia monte christo bo chcieli mi zabrać wszystko kiedyś bym postawił na nich wszystko tekst i adnotacje na rap genius polska
1964	Gigliola Cinquetti, Patricia Carli	Non ho l’età (Per amarti)	non ho l'età non ho l'età per amarti non ho l'età per uscire sola con te e non avrei non avrei nulla da dirti perché tu sai molte più cose di me lascia che io viva un amore romantico nell' attesa che venga quel giorno ma ora no non ho l'età non ho l'età per amarti non ho l'età per uscire sola con te se tu vorrai se tu vorrai aspettarmi quel giorno avrai tutto il mio amore per te lascia che io viva un amore romantico nell' attesa che venga quel giorno ma ora no non ho l'età non ho l'età per amarti non ho l'età per uscire sola con te se tu vorrai se tu vorrai aspettarmi quel giorno avrai tutto il mio amore per te
1965	Bobby Solo, New Christy Minstrels	Se piangi se ridi	se piangi amore io piango con te perché sono parte di te sorridi sempre se tu non vuoi non vuoi vedermi soffrire mai se ridi amore io rido con te perché tu sei parte di me ricorda sempre: quel che tu fai sopra il mio volto lo rivedrai non sei mai sola anche se tu tu sei lontana da me ogni momento dovunque andrai accanto a te mi troverai se piangi se ridi io sono con te perché sono parte di te ricorda sempre: quel che tu fai sopra il mio volto lo rivedrai ricorda sempre: quel che tu fai sopra il mio volto lo rivedrai
1966	Domenico Modugno, Gigliola Cinquetti	Dio come ti amo	nel cielo passano le nuvole che vanno verso il mare sembrano fazzoletti bianchi che salutano il nostro amore dio come ti amo non e possibile avere tra le braccia tanta felicita' baciare le tue labbra che odorano di vento noi due innamorati come nessuno al mondo dio come ti amo mi vien da piangere in tutta la mia vita non ho provato mai un bene cosi' caro un bene cosi' vero chi puo' fermare il fiume che corre verso il mare le rondini nel cielo che vanno verso il sole chi puo fermar l'amore l'amore mio per te dio come ti amo dio come ti amo dio come ti amo dio come ti amo
1967	Claudio Villa, Iva Zanicchi	Non pensare a me	verse : dala pai pai io fra c'ho tante paranoie che se mai avessi moglie le dovrei raccontar storie quattro volte ogni mezz'ora fatti il conto e poi capisci perchè passano le voglie per te in faccia mondo e troie ma tu cerchi una signora bridge: dala pai pai a dala non è scesa ancora la botta qua sale e mi sfiora l'idea di lasciare sta roba provare a tornare una bella persona accendere un cuore che è in coma e dire ti amo a una tipa nuova dire che strano non penso alla droga qua capitano abbiam l'acqua alla gola noi qua ci siamo tu invece sei in prova tu pensi a milano io penso all' europa se gira del grano io sono la ruota capisci compare com'è che funziona se ti fai le pare muori da idiota se non te le fai la vita ti scopa quando capisci hai la pelle d'oca e inizi a riempire un'anima vuota hook: dala pai pai e non pensare a me come un ricordo perchè ho voglia di riprovarci ancora ridi fino ad allora e non sarà come l'ultima volta sicuro che quel giorno sarò una persona nuova bridge: nader shah comunque la vedi ho la felicità ai piedi chi tanto chi niente chi tanto chi niente chi taaanto chi nieeente intanto il mio vanto è ultimi a e d verse : lion se potessi raccontarti in quattro quarti ciò che penso lo farei non ho tempo lei ha preso le tue parti e non ci sono innamorarsi dirsi beh i tempi come questi non li rivivrei dai finirei ad odiarti lo so che ho detto cose fatto cose perso giorni con persone se ci ripenso vorrei suicidarmi e adesso che mi lasci perchè hai perso ispirazione dimmi se cambi lo status o direttamente parti voglio rivivere ogni mio giorno come gli altri non che debba sempre starci sotto come tanti non che debba sempre pensarti se sto con gli altri ma hey le puttane qua crescono come campi hook: nader shah e non pensare a me come un ricordo perchè ho voglia di riprovarci ancora ridi fino ad allora e non sarà come l'ultima volta sicuro che quel giorno sarò una persona nuova bridge: nader shah comunque la vedi ho la felicità ai piedi chi tanto chi niente chi tanto chi niente chi taaanto chi nieeente intanto il mio vanto è ultimi a e d verse : nader shah ciò che mi ha detto mio padre ho sempre fatto il contrario il mondo è bello perchè è radio a te non dico bravo cosa ho le ferite per la droga tu non sai accontentarti l'infelicità è una moda vorrei dirti di tutto ma non ho un'ora non ti onora vuoi parlarmi beh non ora ma tranquilla puoi metter le mani sopra il fuoco che mi incendia mi migliora a te ti svuota bridge: nader shah sai come prendere una vita nuova sai come perdere ogni cosa buona sai come sciogliere i nodi alla gola vuoi prendermi a schiaffi cosa cosa prima mi lasci poi ancora ancora dammi dei baci poi ancora ancora amarsi accettarsi la tua donna è una gran troia hook: nader shah e non pensare a me come un ricordo perchè ho voglia di riprovarci ancora ridi fino ad allora e non sarà come l'ultima volta sicuro che quel giorno sarò una persona nuova
1968	Sergio Endrigo, Roberto Carlos Braga	Canzone per te	"strofa una canzone per te e non te l'aspettavi eh e invece eccola qua come mi è venuta e chi lo sa le mie canzoni nascono da sole vengono fuori già con le parole una canzone per te e non ci credi eh sorridi e abbassi gli occhi un istante e dici: "" non credo di essere così importante"" ma dici una bugia infatti scappi via strofa una canzone per te come non è vero sei te ma tu non ti ci riconosci neanche lei è troppo chiara e tu sei già troppo grande e io continuo a parlare di te ma chissà poi perché ma le canzoni son come i fiori nascon da sole sono come i sogni e a noi non resta che scriverle in fretta perché poi svaniscono e non si ricordano più"
1969	Bobby Solo, Iva Zanicchi	Zingara	zingara che cazzo vuoi io so che cosa fai stringo il portafogli vai via o chiamo la polizia ma quanto puzzerai tu non ti lavi mai zingara ci fosse lui vi bruciava tutti sai se siete ancora qui è colpa dei buonisti idioti che votano p d e comunisti negri marocchini rumeni e musulmani lesbiche froci e tutti gli altri subumani eccola la mia città la gente ormai non sa come arrivare a fine mese son tutti sulle spese la gente onesta l’ italia che lavora difendo la mia casa difendo i miei valori difendo la famiglia da tutti gli invasori datemi una pistola e vi faccio vedere come si fa l’integrazione tiscali fastweb e wind vodafone e tim sky mediaset premium playstation champions league facebook twitter posticipo di lunedì x factor amici ed il moto gp zingara ma non capisci qui non ti vogliamo è il libero mercato quello che noi adoriamo impara dai cinesi che lavorano e basta poi comprano eni enel il calcio e mediobanca eccola la mia città la gente ormai non sa come arrivare a fine mese son tutti sulle spese la gente onesta l’ italia che lavora difendo la mia casa difendo i miei valori difendo i miei figli da tutti i malfattori basta che siano indigenti come me son cattivista ma son fedele al re difendo i miei cari difendo i miei interessi difendo la mia razza da tutti i compromessi difendo il cane e il gatto guai a chi li tocca ma a una zingara sì le sparo in bocca
1970	Adriano Celentano, Claudia Mori	Chi non lavora non fa l’amore	io e te io e te che ridevamo io e te che sapevamo tutto il mondo era un bidone da far rotolare sì perchè la bellezza dei vent'anni è poter non dare retta a chi pretende di spiegarti l'avvenire e poi il lavoro e poi l'amore sì ma quì che l'amore si fa in tre che lavoro non ce n'è l'avvenire è un buco nero in fondo al dramma sì ma allora ma che gioventù che è ma che primavera è e la tristezza è lì a due passi e ti accarezza e ride lei sì ma quì che l'amore si fa in tre che lavoro non ce n'è l'avvenire è un buco nero in fondo al dramma sì ma allora ma che gioventù che è ma che primavera è e la tristezza è lì a due passi e ti accarezza e ride lei
1971	Nada, Nicola Di Bari	Il cuore è uno zingaro	"avevo una ferita in fondo al cuore soffrivo soffrivo… le dissi non è niente ma mentivo piangevo piangevo per te si è fatto tardi è già notte non mi tenere lasciami giù mi disse non guardarmi negli occhi e mi lasciò cantando così: "" che colpa ne ho se il cuore è uno zingaro e va catene non ha il cuore è uno zingaro e va finché troverà il prato più verde che c'è raccoglierà le stelle su di se e si fermerà chissà… e si fermerà"" l' ho vista un anno dopo l'altra sera rideva rideva mi strinse lo sapeva che il mio cuore batteva batteva mi disse stiamo insieme stasera che voglia di rispondere sì… ma senza mai guardarla negli occhi io la lasciai cantando così: "" che colpa ne ho"
1972	Nicola Di Bari	I giorni dell’arcobaleno	erano i giorni dell'arcobaleno finito l'inverno tornava il sereno e tu con negli occhi la luna e le stelle sentivi una mano sfiorare la tua pelle e mentre impazzivi al profumo dei fiori la notte si accese di mille colori distesa sull'erba come una che sogna giacesti bambina ti alzasti già donna tu adesso ti vedi grande di più sei diventata più forte e sicura e iniziata la avventura ormai sono bambine le amiche di prima che si ritrovano in gruppo a giocare e sognano ancora su un raggio di luna vivi la vita di donna importante perché a sedici anni ai già avuto un amante ma un giorno saprai che ogni donna è matura all'epoca giusta e con giusta misura e in questa tua corsa incontro all'amore ti lasci alle spalle il tempo migliore erano i giorni dell'arcobaleno finito l'inverno tornava il sereno
1973	Peppino Di Capri	Un grande amore e niente più	io lontano da te pescatore lontano dal mare io chiedo da bere a una fonte asciugata dal sole solitudine e malinconia i soprammobili di casa mia qualche libro una poesia e sul piano una fotografia io e te un grande amore e niente più io e te le nostre corse fin laggiù là dove c'e la capanna scoperta da noi dove tu mi dicesti vorrei amore vorrei stasera vorrei notti notti d'amore nel silenzio il tuo nome il mio nome ma non risale l'acqua nel fiume nemmeno il tuo amore ritorna da me solitudine e malinconia in ogni angolo in ogni via ti rimprovero una sola cosa che potevi almeno dirmi scusa io e te un grande amore e niente più io e te le nostre corse fin laggiù là dove c'è la capanna scoperta da noi dove tu mi dicesti vorrei amore vorrei stasera vorrei io e te
1974	Iva Zanicchi	Ciao cara come stai?	mi svegliaiscivolando e avevo scarpe di cuoio me ne andairespirando d'amore io muoio cara baby ciaociaociao non c'è un perché il ragazzo è triste non so perché it's all right it's all right giorni neri giorni persi velati di sonno sempre uguali e diversi comunque che vanno cara baby ciao ciao ciao ora come stai io sto sempre uguale come vuoi che sto it's all right it's all right tuo fino alla fine del mondo se pur con te o senza di te non posso vivere fino in fondo tuo fino alla fine del mondo my baby baby it's all right it's all right mia nel cuore nell'anima e nel fango seppur con me o senza di me non puoi vivere in fondo mia fino alla fine del mondo baby baby it's all right lo sai my baby baby it's all right lo so
1975	Gilda	Ragazza del Sud	per le strade di torino polizia e malviventi sono tutti di una razza sono figli degli stenti meridione disperato sole mare e poesia o banditi per le strade o arruolati in polizia ragazzo del sud non ti rimane che andare in polizia o come alternativa una rapina a una gioielleria di tutti i tuoi fratelli sei l'unico che ha studiato il grande è già a torino e in polizia si è già arruolato per le strade di torino polizia e malviventi sono tutti di una razza sono figli degli stenti meridione disperato sole mare e poesia o banditi per le strade o arruolati in polizia ragazzo del sud mentre scappavi un poliziotto ti ha sparato una raffica di mitra e sei rimasto a terra fulminato con una calza nera ha il viso incappucciato ma sotto il volto vero di tutto il sud emarginato per le strade di torino polizia e malviventi sono tutti di una razza sono figli degli stenti meridione disperato sole mare e poesia o banditi per le strade o arruolati in polizia na na na ni na na na ni ni per te è piu facile sei modugno na na na ni na na ni ni
1976	Peppino Di Capri	Non lo faccio più	"strofa hey scusa eri tu che ce l’avevi con me ora la tua coerenza dov’è fanno tutti come te mi insultano poi mi chiedono: “ scusa posso fare un pezzo con te così di copie ne vendo tre"" invece che zero prima non c’ero perdonami scusa che pensi che davvero ho i piedi sul parquet se serve arrivo fino sulla luna e se muoio nel tragitto prendi le mie ceneri e fumale scusa se ogni anno scrivo due dischi ho il cuore nel fango se perderò perderò la partita sul campo la vita è una troia perdita durango ti ci vuoi mettere te al mio posto mi vuoi vendicare allo sbando con la cervicale mi sveglio e canto come le cicale nella testa ho un cinema a venti sale non chiudo occhio da due settimane perciò se mi ribalto per verticale perdonami scusa se ora sono più famoso ma tranquillo che rimango con la voce rauca sempre rumoroso faccio splendere due raggi quand è nuvoloso non mi invento una scusa vieni a un live te ne vai dimagrito da anni in ogni rima grido la cassa spinge io sono il marito quindi chiedimi ritornello scusa eh non lo faccio più non lo faccio più no scusa non lo faccio più no non lo faccio più no scusa eh non lo faccio più non lo faccio più no scusa scusa scusa scusa strofa scusa se la mattina presto mi stresso ancora mentre mi fumo le lenzuola con il cuore a trecento all’ora vi chiedo scusa se poi scrivo alle quattro di notte perché sto sempre sfranto di notte mi sono fatto odiare un sacco di volte vi chiedo scusa perché lo faccio con il cuore nonostante tutto ne ho bevuti due di troppo cento stasera per il gran debutto la vita ci usa mica male non la devi neanche richiamare dai ricordi io ci posso ricamare e uso la musica al posto di parlare ma pare una scusa perché giro con chi la soluzione per vivere fra non l’ha vista una vita col copione da solista un coglione masochista no dai pause lunghe così penso a cosa devo dire il corpo ora me lo posso demolire dovrebbe essere già morto però vive e gli chiedo scusa perché ho preso di tutto la forza di volontà a zero strillo solo al pensiero di rimanere solo davvero guardami negli occhi sono sempre lo stesso fin quando mi prendono l’impronta col gesso per spiegarlo uso ogni mezzo concesso senza una ritornello scusa eh non lo faccio più non lo faccio più no scusa non lo faccio più no non lo faccio più no scusa eh non lo faccio più non lo faccio più no scusa scusa scusa scusa scusa"
1977	Homo Sapiens	Bella da morire	"nei films d'amore vince sempre il bene e chi si lascia torna sempre insieme ma per noi due c'è un'altra fine adesso la folla tra i colombi che ci osserva il freddo i nostri aliti la nebbia e piangere domenica mattina qui per te che sei bella da morire ragazzina tu sul tuo seno da rubare io non gioco più e sei bella da morire tutto sembra un film da girare troppo in fretta con la ""fine"" sopra i tuoi blue-jeans a sedici anni non si perde il cuore nemmeno quando provi a far l'amore e tu con me hai vinto tutto quanto di te rimane solo una maglietta lasciata sopra il letto in tutta fretta e il pianto di domenica mattina qui per te che sei bella da morire ragazzina tu sul tuo seno da rubare io non gioco più e sei bella da morire tutto sembra un film da girare troppo in fretta con la ""fine"" sopra i tuoi blue-jeans e sei bella da morire tutto sembra un film da girare troppo in fretta con la ""fine"" sopra i tuoi blue-jeans"
1978	Matia Bazar	…e dirsi ciao!	se il sole da lassu' di colpo tinge il blu di buio e se ne va e se il mare azzurro ritmo non ha piu' e onda dopo onda rubera' la spiaggia della mia felicita' e poi se il vento che cantava insieme a noi stonate queste note soffiera' vuol dire separarci e dirsi ciao ma se l'alba spunta e poi anticipando in noi il giorno che verra' e se una rondine dispersa il sole avra' la forza della sua comunita' per continuare il viaggio fino al sud e poi se il fuoco del camino brillera' per sempre con amore e senza eta' vuol dire ritrovarsi e dirsi ciao
1979	Mino Vergnaghi	Amare	"passed out on the overpass sunday best and broken glass broken down from the bikes and bars suspended like spirits over speeding cars you and me were kings over the parkway tonight and tonight will go on forever while we walk around this town like we own the streets and stay awake through summer like we own the heat singing— "" everybody wake up it's time to get down""   wake up everybody everybody wake up it's time to get down and when i pass the bottle back to pete on the overpass tonight i bet we laugh i'm gonna stay eighteen forever so we can stay like this forever and we'll never miss a party ' cause we keep them goin' constantly and we'll never have to listen to anyone about anything ' cause it's all been done and it's all been said we're the coolest kids and we take what we can get cut me open sun poisoned this offer stands forever new haircut new bracelet eyeliner —the hell out of this town find some conversation the low-fuel light's been on for days it doesn't mean anything i've got another 'nother miles before we shut this engine down we shut it down i'm gonna stay eighteen forever so we can stay like this forever and we'll never miss a party ' cause we keep them goin' constantly and we'll never have to listen to anyone about anything ' cause it's all been done and it's all been said we're the coolest kids and we take what we can get cut me open sun poisoned this offer stands forever new haircut new bracelet eyeliner wait forever eighteen forever so we can stay like this forever and we'll never miss a party ' cause we keep them going constantly and we'll never have to listen to anyone about anything ' cause it's all been done and it's all been said we're the coolest kids and we take what we can get you're just jealous 'cause i'm young and in love your stomach's filled up but you're starved for conversation you're spending all your nights growing old in your bed and your tearin' up your photos ' cause you want to forget— it's over you're just jealous 'cause i'm young and in love your stomach's filled up but you're starved for conversation you're spending all your nights growing old in your bed and you're tearin' up your photos ' cause you want to forget— it's over just jealous cause we're young and in love you're just jealous 'cause we're young and in love you're just jealous 'cause we're young and in love you're just jealous 'cause we're young and in love you're just jealous 'cause we're young and in love you're just jeal—"
1980	Toto Cutugno	Solo noi	strofa siamo solo noi che andiamo a letto la mattina presto e ci svegliamo con il mal di testa siamo solo noi che non abbiamo vita regolare che non ci sappiamo limitare siamo solo noi che non abbiamo più rispetto per niente neanche per la mente siamo solo noi quelli che poi muoiono presto quelli che però è lo stesso strofa siamo solo noi che non abbiamo più niente da dire dobbiamo solo vomitare siamo solo noi che non vi stiamo neanche più ad ascoltare siamo solo noi quelli che non han più rispetto per niente neanche per la gente siamo solo noi quelli che ormai non credono più a niente e vi fregano sempre strofa siamo solo noi che tra demonio e santità è lo stesso basta che ci sia posto siamo solo noi che facciamo colazione anche con un toast del resto siamo solo noi quelli che non han voglia di far niente rubano solamente siamo solo noi generazione di sconvolti che non han più santi né eroi siamo solo noi siamo solo noi siamo solo- siamo solo noi siamo solo noi siamo solo noi siamo solo noi siamo solo noi
1981	Alice	Per Elisa	per elisa vuoi vedere che perderai anche me per elisa non sai più distinguere che giorno è e poi non è nemmeno bella per elisa paghi sempre tu e non ti lamenti per lei ti metti in coda per le spese e il guaio è che non te ne accorgi con elisa guardi le vetrine e non ti stanchi lei ti lascia e ti riprende come e quando vuole lei riesce solo a farti male vivere vivere vivere non è più vivere lei ti ha plagiato ti ha preso anche la dignità fingere fingere fingere non sai più fingere senza di lei senza di lei ti manca l'aria senza elisa non esci neanche a prendere il giornale con me riesci solo a dire due parole ma noi un tempo ci amavamo con elisa guardi le vetrine e non ti stanchi lei ti lascia e ti riprende come e quando vuole lei riesce solo a farti male vivere vivere vivere non è più vivere lei ti ha plagiato ti ha preso anche la dignità fingere fingere fingere non sai più fingere senza di lei senza di lei ti manca l'aria vivere non è più vivere per elisa con elisa
1982	Riccardo Fogli	Storie di tutti i giorni	m fabrizio/ g morra/ r fogli storie di tutti i giorni vecchi discorsi sempre da fare storie ferme sulle panchine in attesa di un lieto fine; storie di noi brava gente che fa fatica s'innamora con niente vita di sempre ma in mente grandi idee un giorno in più che se ne va un orologio fermo da un'eternità per tutti quelli così come noi da sempre in corsa sempre a metà; un giorno in più che passa ormai con questo amore che non è grande come vorrei storie come amici perduti che cambiano strada se li saluti; storie che non fanno rumore come una stanza chiusa a chiave; storie che non hanno futuro come un piccolo punto su un grande muro dove scriverci un rigo a una donna che non c'è più un giorno in più che se ne va un uomo stanco che nessuno ascolterà per tutti quelli così come noi senza trionfi né grossi guai; un giorno in più che passa ormai con questo amore che non è bello come vorrei storie come anelli di fumo in un posto lontano senza nessuno solo una notte che non finisce mai un giorno in più che se ne va dimenticato tra i rumori di città per tutti quelli così come noi niente è cambiato e niente cambierà; un giorno in più che passa ormai con questo amore che non è forte come vorrei storie di tutti i giorni vecchi discorsi sempre da fare storie ferme sulle panchine in attesa di un lieto fine
1983	Tiziana Rivale	Sarà quel che sarà	strofa : neffa la tele resta spenta e non la guardo più ho un nodo in gola che è difficile mandare giù fumo un po' sposto via la tenda cielo grigio piombo io non lascio che mi prenda la nostalgia che sale lentamente come mai io penso a te mi chiedo adesso dove sei cosa fai chissà se tu avrai mai pensato a me al nostro fuoco che bruciava e mo' è cenere ma tutto passa piano e pure se fa strano io sorrido perché so che oggi non ti chiamerò quel che viene venga e mi sta bene quel che è stato è già passato e mo' il passato se lo tiene piove già da un tot la pioggia bagna la mia pelle ma mi asciugherò perché so che il tempo è ciclico e so che un po' di tempo è quello che ci vuole mentre un guaglione sta scacciando il male sta aspettando il sole ritornello: giuliano palma oggi non c'è sole intorno a me non c'è salvami risplendi e scaldami non c'è più sole voglio il sole cerco nuova luce nella confusione di un guaglione di un guaglione strofa : neffa e oggi è come ieri ma forse è un'impressione frutto della mente di un guaglione sarà che non c'è il sole sarà che tutto sembra resti uguale sarà quel che sarà sono preso male ma nessuno chiama e non so chi chiamare cerco di schiodarmi e penso solo a quello che ho da fare uh gesù gesù sono io la vittima dei demoni che tornano e che vengono a tirarmi giù i miei cattivi pensieri che mi aspettano braccano parlano e parlano dove sono i raggi che scaldavano un guaglione dove sono gli altri della mia ballotta mo' che sono nel ciclone in dopa trovo la mia cura in dopa mischio le radici e la cultura e ho energia pura la musica mi detta le parole caccio queste rime e so che prima o poi ritorna il sole ritornello: giuliano palma oggi non c'è sole intorno a me non c'è salvami risplendi e scaldami non c'è più sole voglio il sole cerco nuova luce nella confusione di un guaglione di un guaglione strofa : neffa & giuliano palma vada come vada e va da sé conto solo su di me e già so che già sai che un chico fa quel che s'ha da fare quando amore non c'è devo impustare perché in tasca manca mone sempre più difficile restare calmo in questa situazione sclero non ne voglio più parto da zero so che in qualche modo devo andare su ma non c'è più luce solo buio che fa male non c'è più pace solo rabbia che ogni giorno sale so bene dove sono e adesso voglio stare qui sentire il beat se sei all'ascolto vieni a prendermi rapiscimi musica colpisci al cuore boom cha boom cha però non c'è dolore distendi le tue mani guaritrici su un guaglione mentre sta aspettando il sole ayo ritornello: giuliano palma oggi non c'è sole intorno a me non c'è salvami risplendi e scaldami non c'è più sole voglio il sole cerco nuova luce nella confusione di un guaglione di un guaglione oggi non c'è sole intorno a me non c'è salvami risplendi e scaldami non c'è più sole voglio il sole cerco nuova luce nella confusione di un guaglione di un guaglione oggi non c'è sole intorno a me non c'è salvami risplendi e scaldami non c'è più sole voglio il sole cerco nuova luce nella confusione di un guaglione di un guaglione oggi non c'è sole intorno a me non c'è salvami risplendi e scaldami non c'è più sole voglio il sole cerco nuova luce nella confusione di un guaglione di un guaglione
1984	Al Bano, Romina Power	Ci sarà	romina: dopo questa vita che si dimentica di te dopo questo cielo senza arcobaleno dopo la malinconia che mi prende a ogni bugia dopo tutta questa voglia di sereno dimmi chi ci sarà al bano: dopo il sogno delle hawaii come i tutti marinai attraverso questo mare di cemento dopo un altro inverno che soffia neve su di me che ho già freddo se non sono accanto a te both: devi crederci ci sarà una storia d'amore ed un mondo migliore ci sarà un azzurro più intenso in un cielo più immenso ci sarà la tua ombra al mio fianco vestita di bianco ci sarà anche un modo più umano per dirsi ti amo di più romina: dopo un oggi che non va dopo tanta vanità e nessuno che ti dà niente per niente al bano: dopo tutto il male che c'è nel mondo intorno a te com'è bello ritrovarti accanto a me both: devi crederci ci sarà una storia d'amore ed un mondo migliore ci sarà un azzurro più intenso in un cielo più immenso ci sarà la tua ombra al mio fianco vestita di bianco ci sarà anche un modo più umano per dirsi ti amo
1985	Ricchi e Poveri	Se m’innamoro	all eyes on me et ouais all eyes on me c'est le p m p le p m p marwa loud all eyes on me all eyes on me c'est d j sem couplet j'veux pas qu'on m'explique j'veux pas prendre de risque j'ai pas peur de finir solo j'veux aucune aide j'veux aucune trêve y'a que you qui peut m'trouver mes mélos maintenant j'aimerais m'casser d'ici me barrer très loin me barrer aux îles j'veux qu'la mer témoigne contre moi qu'elle se plaigne de nous voir tout le mois qu'elle se plaigne de moi qu'elle se plaigne de toi j'veux aller danser mais j'ai trop d'regard sur moi où sont mes amis où sont mes ennemis j'ai rien d'spécial pourtant all eyes on me refrain x mi corazón mi corazón maman m'a dit attention mi corazón ils en font des tonnes car j'les étonne j'veux plus les calculer j'ai éteint l'téléphone couplet c'est pas contre toi mais c'est important j'le fais pas pour toi j'le fais pour qu'on m'entende t'observes mon entourage tu fais l'reporter tu jalouses car le tien n'a rien à t'apporter ouais ouais dans ma folie j'trouve plein d'mélodie j'attends la nuit pour faire le tour d'ma ville j'ai vu ton mec il est pas trop poli toi t'es dans l'love ouais tu l'aimes fois mille et ouais tu l'aimes fois mille tu vois plus tes copines tu lui aurais tout donné il a tapé dans l'mile refrain x mi corazón mi corazón maman m'a dit attention mi corazón ils en font des tonnes car j'les étonne j'veux plus les calculer j'ai éteint l'téléphone pont x all eyes on me j'suis perdue j'retrouve plus mes ennemis ouais all eyes on me j'marche dans ma ville et j'repense à ma vie refrain x mi corazón mi corazón maman m'a dit attention mi corazón ils en font des tonnes car j'les étonne j'veux plus les calculer j'ai éteint l'téléphone
1986	Eros Ramazzotti	Adesso tu	nato ai bordi di periferia dove i tram non vanno avanti più dove l'aria è popolare è più facile sognare che guardare in faccia la realtà quanta gente giovane va via a cercare più di quel che ha forse perché i pugni presi a nessuno li ha mai resi e dentro fanno male ancor di più ed ho imparato che nella vita nessuno mai ci da di più ma quanto fiato quanta salita andare avanti senza voltarsi mai e ci sei adesso tu a dare un senso ai giorni miei va tutto bene dal momento che ci sei adesso tu ma non dimentico tutti gli amici miei che sono ancora là e ci si trova sempre più soli a questa età non sai non sai ma quante corse ma quanti voli andare avanti senz'arrivare mai e ci sei adesso tu al centro dei pensieri miei la parte interna dei respiri tu sarai la volontà che non si limita tu che per me sei già una rivincita adesso sai chi è quell'uomo che c'è in me nato ai bordi di periferia dove non ci torno quasi più resta il vento che ho lasciato come un treno già passato oggi che mi sei accanto oggi che si sei soltanto oggi che ci sei adesso tu
1987	Gianni Morandi, Enrico Ruggeri, Umberto Tozzi	Si può dare di più	in questa notte di venerdì perché non dormi perché sei qui perché non parti per un week-end che ti riporti dentro di te cosa ti manca cosa non hai cos'é che insegui se non lo sai se la tua corsa finisse qui forse sarebbe meglio cosi ma se afferri un'idea che ti apre una via e la tieni con te o ne segui la scia risalendo vedrai quanti cadono giù e per loro tu puoi fare di più in questa barca persa nel blu noi siamo solo dei marinai tutti sommersi non solo tu nelle bufere dei nostri guai perché la guerra la carestia non sono scene viste in t v e non puoi dire lascia che sia perché ne avresti un po colpa anche tu si può dare di più perché é dentro di noi si può dare di più senza essere eroi come fare non so non lo sai neanche tu ma di certo si può dare di più perché il tempo va sulle nostre vite rubando i minuti di un eternità e se parlo con te e ti chiedo di più e' perché te sono io non solo tu si può dare di più perché é dentro di noi si può dare di più senza essere eroi come fare non so non lo sai neanche tu ma di certo si può dare di più come fare non so non lo sai neanche tu ma di certo si può dare di più
1988	Massimo Ranieri	Perdere l’amore	e adesso andate via voglio restare solo con la malinconia volare nel suo cielo non chiesi mai chi eri perchè scegliesti me me che fino ad ieri credevo fossi un re perdere l'amore quando si fa sera quando tra i capelli un pò d'argento li colora rischi di impazzire può scoppiarti il cuore perdere una donna e avere voglia di morire lasciami gridare rinnegare il cielo prendere a sassate tutti i sogni ancora in volo li farò cadere ad uno ad uno spezzerò le ali del destino e ti avrò vicino comunque ti capisco e ammetto che sbagliavo facevo le tue scelte chissà che pretendevo e adesso che rimane di tutto il tempo insieme un uomo troppo solo che ancora ti vuol bene perdere l'amore quando si fa sera quando sopra al viso c'è una ruga che non c'era provi a ragionare fai l'indifferente fino a che ti accorgi che non sei servito a niente e vorresti urlare soffocare il cielo sbattere la testa mille volte contro il muro respirare forte il suo cuscino dire è tutta colpa del destino se non ti ho vicino perdere l'amore maledetta sera e raccogli i cocci di una vita immaginaria pensi che domani è un giorno nuovo ma ripeti non me l'aspettavo non me l'aspettavo prendere a sassate tutti i sogni ancora in volo li farò cadere ad uno ad uno spezzerò le ali del destino e ti avrò vicino perdere l'amore
1989	Anna Oxa, Fausto Leali	Ti lascerò	s bardotti - f berlincioni - f ciani - f fasano - f leali ti lascerò andare ma indifesa come sei farei di tutto per poterti trattenere perchè dovrai scontrarti con i sogni che si fanno quando si vive intensamente la tua età ti lascerò provare a dipingere i tuoi giorni con i colori accesi dei tuoi anni ti aiuterò a sconfiggere i dolori che verranno perchè saranno anche più grandi degli amori che ti avranno e lascerò ai tuoi occhi tutta una vita da guardare ma è la tua vita e non trattarla male ti lasceròcrescere ti lasceròscegliere ti lascerò anche sbagliareti lascerò ti lascerò decidere per chi sarà al tuo fianco piuttosto che permettere di dirmi che sei stanco lo faccio perché in te ho amato l'uomo e il suo coraggio e quella forza di cambiare per poi ricominciare e quando avrò davanti agli occhi altri due occhi da guardare il mio silenzio lo sentirai gridare ti lasceròvivere ti lasceròridere ti lasceròti lascerò e lascerò ai tuoi sorrisi la voglia di scoppiare ed il tuo orgoglio lo lascerò sfogare ti lasceròcredere ti lasceròscegliere ti lasceròti lascerò ti lasceròvivere ti lasceròvivere ti lasceròti lascerò
1990	Pooh	Uomini soli	li incontri dove la gente viaggia e va a telefonare col dopobarba che sa di pioggia e la ventiquattro ore perduti nel corriere della sera nel va e vieni di una cameriera ma perché ogni giorno viene sera a volte un uomo è da solo perché ha in testa strani tarli perché ha paura del sesso o per la smania di successo per scrivere il romanzo che ha di dentro perché la vita l'ha già messo al muro o perché in mondo falso è un un uomo vero dio delle città e dell'immensità se è vero che ci sei e hai viaggiato più di noi vediamo se si può imparare questa vita e magari un po' cambiarla prima che ci cambi lei vediamo se si può farci amare come siamo senza violentarci più con nevrosi e gelosie perché questa vita stende e chi è steso dorme o muore oppure fa l'amore ci sono uomini soli per la sete d'avventura perché han studiato da prete o per vent'anni di galera per madri che non li hanno mai svezzati per donne che li han rivoltati e persi o solo perché sono dei diversi dio delle città e dell'immensità se è vero che ci sei e hai viaggiato più di noi vediamo se si può imparare queste donne e cambiare un po' per loro e cambiarne un po' per noi ma dio delle città e dell'immensità magari tu ci sei e problemi non ne hai ma quaggiù non siamo in cielo e se un uomo perde il filo è soltanto un uomo solo
1991	Riccardo Cocciante	Se stiamo insieme	ma quante storie ho già vissuto nella vita e quante programmate chi lo sa sognando ad occhi aperti storie di fiumi di grandi praterie senza confini storie di deserti e quante volte ho visto dalla prua di una barca tra spruzzi e vento l'immensità del mare spandersi dentro e come una carezza calda illuminarmi il cuore e poi la neve bianca gli alberi gli abeti l'abbraccio del silenzio colmarmi tutti i sensi sentirsi solo e vivo tra le montagne grandi e i grandi spazi immensi e poi tornare qui riprendere la vita dei giorni uguale ai giorni discutere con te tagliarmi con il ghiaccio dei quotidiani inverni no non lo posso accettare non è la vita che avrei voluto mai desiderato vivere non è quel sogno che sognavamo insieme fa piangere eppure io non credo questa sia l'unica via per noi se stiamo insieme ci sarà un perché e vorrei riscoprirlo stasera se stiamo insieme qualche cosa c'è che ci unisce ancora stasera mi manchi sai mi manchi sai e poi tornare qui riprendere la vita che sembra senza vita discutere con te e consumar così i pochi istanti eterni no non lo posso accettare che vita è restare qui a logorarmi in discussioni sterili giocar con te a farsi male il giorno di notte poi rinchiudersi eppure io non credo questa sia l'unica via per noi se stiamo insieme ci sarà un perché e vorrei riscoprirlo stasera se stiamo insieme qualche cosa c'è che ci unisce ancora stasera mi manchi sai mi manchi sai
1992	Luca Barbarossa	Portami a ballare	portami a ballare portami a ballare uno di quei balli antichi che nessuno sa fare più sciogli i tuoi capelli lasciali volare lasciali girare forte intorno a noi lasciati guardare lasciati guardare sei così bella che non riesco più a parlare di fronte a quei tuoi occhi così dolci e così severi perfino il tempo si è fermato ad aspettare parlami di te di quello che facevi se era proprio questa la vita che volevi di come ti vestivi di come ti pettinavi se avevo un posto già in fondo ai tuoi pensieri dai mamma dai questa sera lasciamo qua i tuoi problemi e quei discorsi sulle rughe e sull'età dai mamma dai questa sera fuggiamo via è tanto che non stiamo insieme e non è certo colpa tua ma io ti sento sempre accanto anche quando non ci sono io ti porto ancora dentro anche adesso che sono un uomo e vorrei vorrei saperti più felice sì vorrei vorrei dirti molte più cose ma sai mamma sai questa vita mi fa tremare e sono sempre i sentimenti i primi a dover pagare ciao mamma ciao domani vado via ma se ti senti troppo sola allora ti porto via e vorrei vorrei saperti più felice sì vorrei vorrei dirti molte più cose portami a ballare portami a ballare uno di quei balli antichi che nessuno sa fare nessuno sa fare più
1993	Enrico Ruggeri	Mistero	strofa : ketama questa musica inizia appena abbassano il sipario guarda nei miei occhi lo sguardo da sicario metti i soldi sopra il piatto e lancia questo dado vuoi il mistero della sfinge il potere del denaro siamo angeli caduti agli angoli di strada muti senza parole pe' descrive' il vuoto delle nostre vite con futuro assicurato posto prenotato al camposanto o risolvo il rompicapo o meglio se non campo tanto metti che domani perdo la pazienza e muoio come andrea pazienza dimme di me che cosa resta mezza canna spenta sul davanzale della finestra il piscio sulla tavoletta bridge: ketama pezzi gialli pezzi bianchi pezzi rosa pezzi verdi pezzi alti banconota pezzi vari pezzi sula via di casa pezzi grossi pezzi bassi acqua poca ritornello: ketama questa è la mia strada vada come va questa è la mia strada questa è la mia squadra qualunque cosa accada questa è la mia squadra io sto qui coi dieci seduto sulle scale brucio grammi io sto qui coi dieci seduto sulle scale brucio grammi strofa : seany la mia esistenza piuttosto banale un alveare che brucia in giardino rimbocco maniche e coperte così da starti vicino respiro lento a volte accelero potevo vincerla l'ho persa anfiteatro in disco fisse cantate incontrata traiettoria intercettata sulla via del signore la luce spenta del faro mi direziona verso il prossimo traguardo avessi solo un momento per dirti quello che penso chiedendoti il segreto paradiso il mistero della sfinge ci dipinge occhi sopra palpebre danzanti ballano dando di matto esagerando con qualsiasi cosa sotto mano mi percuoto testa e corpo tesso delirio contorto ricordati di me di quello che penso di quello che t'ho fatto quando al bar chiedi un amaro strano lo sguardo tuo che m'ha colpito cielo blu stellato manto erboso cado outro: ketama io sto qui coi miei g seduto sulle scale brucio grammi io sto qui coi miei g seduto sulle scale brucio grammi
1994	Aleandro Baldi	Passerà	strofa è la paura di invecchiare di perdere i capelli e di dovere stare bene di scendere di casa da una fune per arrivare a stringerci la mano e tutte quelle rughe sono schiaffi della mente sono strade senza un senso e che non portano mai a niente ritornello non ridere e non piangere non stringermi le mani siamo sporchi siamo umani prima o poi ci passerà la luna che ci insegue in fondo alla salita costruiamoci una casa prima o poi ci passerà prima o poi ci passerà x strofa ritroviamoci per strada per urlare il nostro nome con quel poco che rimane fra milioni di persone finalmente dormiremo avremo un posto dove stare ma saremo troppo stanchi per poterlo raccontare ritornello
1995	Giorgia	Come saprei	come saprei capire l'uomo che sei come saprei scoprire poi le fantasie che vuoi io ci arriverei nel profondo dentro te nei silenzi tuoi emozionando sempre più come saprei stupire l'uomo che sei quando stai lì e non sai che voli prendere come saprei richiamare gli occhi tuoi incollarli ai miei emozionando sempre più nel mondo che solitudini ci dà perché non resti un po' con me come saprei amarti io nessuno saprebbe mai come saprei riuscirci io ancora non lo sai io ci metterò tutta l'anima che ho quanta vita sei da vivere adesso come saprei io vorrei che fosse già pelle il contatto che c'è io vorrei che fossero stelle ogni volta con te come saprei amarti io nessuno saprebbe mai come saprei riuscirci io ancora non lo sai io ci metterò tutta l'anima che ho quanta vita sei da vivere adesso come saprei quanto amore c'è pronto a scoppiare in me quanta vita sei da vivere adesso sì adesso come saprei
1996	Ron, Tosca	Vorrei incontrarti fra cent’anni	vorrei incontrarti fra cent' anni tu pensa al mondo fra cent' anni ritrovero' i tuoi occhi neri tra milioni di occhi neri saran belli piu' di ieri vorrei incontrarti fra cent' anni rosa rossa tra le mie mani dolce profumo nelle notti abbracciata al mio cuscino staro' sveglio per guardarti nella luce del mattino uoh questo amore piu' ci consuma piu' ci avvicina uoh questo amore e' un faro che brilla eh eh eh vorrei incontrarti fra cent' anni combattero' dalla tua parte perche' tale e' il mio amore che per il tuo bene sopporterei ogni male vorrei incontrarti fra cent' anni come un gabbiano volero' saro' felice in mezzo al vento perche' amo e sono amato da te che non puoi cancellarmi e cancellarti non posso io voglio amarti voglio averti e dirti quel che sento abbandonare la mia anima chiusa dentro nel tuo petto chiudi gli occhi dolcemente e non ti preoccupare poi entra nel mio cuore e lasciati andare oh questo amore piu' ci consuma piu' ci avvicina oh questo amore e' un faro che brilla in mezzo alla tempesta oh in mezzo alla tempesta senza aver paura mai vorrei incontrarti fra cent' anni tu pensa al mondo fra cent' anni ritrovero' i tuoi occhi neri tra milioni di occhi neri saran belli piu' di ieri
1997	Jalisse	Fiumi di parole	ascoltero ascoltero e mi alzero mi alzero per gridare a gran voce cio che penso per sputarvi in faccia il mio dissenso lottero lottero gridero gridero contro di voi ed il vostro potere non riuscirete a tenermi a sedere di parole parole & parole ci avete imbottiti flashati storditi fiumi di parole mare di promesse da quelle poltrone sono sempre le stesse minchiate che vomitate ascoltero ascoltero rispondero rispondero colpo su colpo ai vostri brogli un'altra volta no non m'imbroglierete lottero lottero gridero gridero ma con chi credete di avere a che fare calci in culo e pedalare
1998	Annalisa Minetti	Senza te o con te	tarari tarara tarari rarariraia ebbene sì io son rettore e canto senza te o con te a me piace così tanto io da sola mi accontento sai cantando ebbene sì io son rettore e piango tarari tarara tarari rarariraia o con te o senza te a me piace così tanto io da sola mi accontento sai cantando ebbene sì io son rettore e ti ti manco butto un sasso ad un lampione pam pam lala lalala ebbene sì io son rettore e vengo in quest'ultimo e disperato orgasmo cantando
1999	Anna Oxa	Senza pietà	strofa non ci fermeranno le paludi o la neve la tua capitale oramai s'intravede giorno dopo giorno la tua vita cavalco sono il generale più crudele del fronte non faccio prigionieri e la mia spada è lucente terra dopo terra ogni tua fortezza io assalto ritornello ti troverò ti prenderò ti porterò per sempre con me ti stringerò conquisterò proteggerò e senza pietà io ti amerò con tutto questo amore mio e senza pietà diventerò una fonte nel deserto ti disseterò strofa le mie mani le tue mani in questa battaglia è un agguato a tradimento in questa boscaglia rotolare insieme lungo il fiume dei sentimenti ritornello ti troverò ti prenderò ti porterò per sempre con me ti stringerò ti conquisterò proteggerò e senza pietà io ti amerò con tutto questo amore mio e senza pietà diventerò una fonte nel deserto ti disseterò ponte non avere paura di me anche il buio più fondo può valere un azzardo quel brivido in più che sei tu ritornello senza pietà io ti amerò con tutto questo amore mio e senza pietà diventerò il tuo regno dolce sogno io ti vincerò io ti darò me stessa e questo cuore mio e senza pietà ti bagnerò le labbra con le labbra ti disseterò senza pietà
2000	Avion Travel	Sentimento	deau - império dos sentidos
2001	Elisa	Luce (Tramonti a nord est)	parlami come il vento fra gli alberi parlami come il cielo con la sua terra non ho difese ma ho scelto di essere libera adesso è la verità l'unica cosa che conta dimmi se farai qualcosa se mi stai sentendo avrai cura di tutto quello che ti ho dato - dimmi siamo nella stessa lacrima come un sole e una stella luce che cade dagli occhi sui tramonti della mia terra su nuovi giorni ascoltami ora so piangere so che ho bisogno di te non ho mai saputo fingere ti sento vicino il respiro non mente in tanto dolore niente di sbagliato niente niente siamo nella stessa lacrima come un sole e una stella siamo luce che cade dagli occhi sui tramonti della mia terra su nuovi giorni in una lacrima come un sole e una stella luce che cade dagli occhi sui tramonti della mia terra su nuovi giorni si il sole mi parla di te mi stai ascoltando - ora la luna mi parla di te avrò cura di tutto quello che mi hai dato anche se dentro una lacrima come un sole e una stella luce che cade dagli occhi sui tramonti della mia terra su nuovi giorni in una lacrima come un sole e una stella siamo luce che cade dagli occhi sui tramonti della mia terra su nuovi giorni ascoltami ascoltami ascoltami ascoltami ascoltami ascoltami ascoltati
2002	Matia Bazar	Messaggio d’amore	voglio darti un messaggio d'amore di poche parole il segreto nascosto di un cuore un cuore che sa ho capito che forse l'errore non sei stato tu e con tutta la forza che ho dentro ti voglio di più ho ascoltato il rumore e il silenzio parlare nel tempo ho sognato il tuo viso i tuoi occhi sorridermi un po' quanta nostalgia tu mai non ti ho avuto mai in fondo mai dolce amore mio sensibile credimi mai non ti ho avuto mai che male fa non sentirti più sia quel che sia questo messaggio d'amore per te se ho posato le mani su sguardi bruciati dal mare e ho scalato le dune del cuore più alte di me se ho vissuto le notti sprecando la mia fantasia è perché ero sola confusa smarrita io mai non ti ho avuto mai in fondo mai dolce amore mio sensibile credimi mai proprio mai non ti ho avuto mai anima mia sai che ci sarò porta con te questo messaggio d'amore mai non ti ho avuto mai mai proprio mai non ti ho avuto mai in fondo mai dolce amore mio lascia che sia solo un messaggio d'amore un messaggio d'amore dovunque andrai sempre dovunque andrai
2003	Alexia	Per dire di no	non è l'amore né la poesia che dà l'impulso qui nell'anima forse è il colore si di questi occhi tuoi che trafiggono il blu le incertezze e poi le illusioni che teniamo giù dentro di noi no non è un cielo di nostalgia che offusca il sole in te vulnerabile disarmato si e fragile perchè hai bisogno di me una volta in più non lo ammetti mai o non lo vuoi spiegare tu no non è un gioco della fantasia che ti ha portato qui domenica diventa musica la solitudine oh no e disperdo nel blu l'inquietudine le parole che non sento più dentro di noi per dire di no per dire vai via per dire dai resta qui va bene così per dire di no per dire vai via per dire dai resta qui va bene così non è l'amore mai nè la poesia che dà impulso qui nell'anima
2004	Marco Masini	L’uomo volante	se ti avessi lo sai capirei la mia vita scoprendo dentro di me con il senno di poi che ogni scelta sbagliata mi conduceva da te così mi immagino già il tuo sorriso e vedo accendersi noi allo stadio in un bar in un gesto affettuoso che non ci capita mai vorrei regalarti un cielo d'agosto che fa da cornice a una stella che va un sole nascosto che nasce da dentro e disegna il confine della tua libertà quel suono leggero di un nome importante le ali di un uomo volante per non nasconderti mai dentro ai rimproveri miei e se tu fossi qui avrei anche il coraggio d'innamorarmi di te per parlarti così come infatti già faccio anche se non mi ascolterai però saresti il mio unico orgoglio la rondine che torna da sé vorrei regalarti un mondo diverso che ha fatto la pace con la sua crudeltà quel giusto rimorso che nasce sbagliando e conferma la forza di ogni fragilità l'anarchico istinto di un cuore migrante le ali di un uomo volante per arrivare più su e cercare la tua margherita di questa piccola vita dove più vero sei tuevitando ogni strada sbagliata io vorrei regalarti l'infinito che dà quel tenero abbraccio di un padre sognante che come un uomo volante anche se tu non verrai saprà nel cuore chi sei io questo spero e vorrei
2005	Francesco Renga	Angelo	mrs bertha flowers was the aristocrat of black stamps she had the grace of control to appear warm in the coldest weather and on the arkansas summer days it seemed she had a private breeze which swirled around cooling her she was thin without the taut look of wiry people and her printed voile dresses and flowered hats were as right for her as denim overalls for a farmer she was our side’s answer to the richest white woman in town her skin was a rich black that would have peeled like a plum if snagged but then no one would have thought of getting close enough to mrs flowers to ruffle her dress let alone snag her skin she didn’t encourage familiarity she wore gloves too i don’t think i ever saw mrs flowers laugh but she smiled often a slow widening of her thin black lips to show even small white teeth then the slow effortless closing when she chose to smile on me i always wanted to thank her the action was so graceful and inclusively benign she was one of the few gentlewomen i have ever known and has remained throughout my life the measure of what a human being can be one summer afternoon sweet-milk fresh in my memory she stopped at the store to buy provisions another negro woman of her health and age would have been expected to carry the paper sacks home in one hand but momma said “ sister flowers i’ll send bailey up to your house with these things” she smiled that slow dragging smile “ thank you mrs henderson i’d prefer marguerite though” my name was beautiful when she said it “ i’ve been meaning to talk to her anyway” they gave each other age-group looks there was a little path beside the rocky road and mrs flowers walked in front swinging her arms and picking her way over the stones she said without turning her head to me “ i hear you’re doing very good schoolwork marguerite but that it’s all written the teachers report that they have trouble getting you to talk in class” we passed the triangular farm on our left and the path widened to allow us to walk together i hung back in the separate unasked and unanswerable questions “ come and walk along with me marguerite” i couldn’t have refused even if i wanted to she pronounced my name so nicely or more correctly she spoke each word with such clarity that i was certain a foreigner who didn’t understand english could have understood her“ now no one is going to make you talk—possibly no one can but bear in mind language is man’s way of communicating with his fellow man and it is language alone which separates him from the lower animals” that was a totally new idea to me and i would need time to think about it “ your grandmother says you read a lot every chance you get that’s good but not good enough words mean more than what is set down on paper it takes the human voice to infuse them with the shades of deeper meaning” i memorized the part about the human voice infusing words it seemed so valid and poetic she said she was going to give me some books and that i not only must read them i must read them aloud she suggested that i try to make a sentence sound in as many different ways as possible “ i’ll accept no excuse if you return a book to me that has been badly handled” my imagination boggled at the punishment i would deserve if in fact i did abuse a book of mrs flowers’s death would be too kind and brief the odors in the house surprised me somehow i had never connected mrs flowers with food or eating or any other common experience of common people there must have been an outhouse too but my mind never recorded it the sweet scent of vanilla had met us as she opened the door “ i made tea cookies this morning you see i had planned to invite you for cookies and lemonade so we could have this little chat the lemonade is in the icebox” it followed that mrs flowers would have ice on an ordinary day when most families in our town bought ice late on saturdays only a few times during the summer to be used in the wooden ice cream freezers she took the bags from me and disappeared through the kitchen door i looked around the room that i had never in my wildest fantasies imagined i would see browned photographs leered or threatened from the walls and the white freshly done curtains pushed against themselves and against the wind i wanted to gobble up the room entire and take it to bailey who would help me analyze and enjoy it “ have a seat marguerite over there by the table” she carried a platter covered with a tea towel although she warned that she hadn’t tried her hand at baking sweets for some time i was certain that like everything else about her the cookies would be perfect they were flat round wafers slightly browned on the edges and butter-yellow in the center with the cold lemonade they were sufficient for childhood’s lifelong diet remembering my manners i took nice little ladylike bites off the edges she said she had made them expressly for me and that she had a few in the kitchen that i could take home to my brother so i jammed one whole cake in my mouth and the rough crumbs scratched the insides of my jaws and if i hadn’t had to swallow it would have been a dream come true as i ate she began the first of what we later called “my lessons in living” she said that i must always be intolerant of ignorance but understanding of illiteracy that some people unable to go to school were more educated and even more intelligent than college professors she encouraged me to listen carefully to what country people called mother wit that in those homely sayings was couched the collective wisdom of generations when i finished the cookies she brushed off the table and brought a thick small book from the bookcase i had read a tale of two cities and found it up to my standards as a romantic novel she opened the first page and i heard poetry for the first time in my life “ it was the best of times it was the worst of times ” her voice slid in and curved down through and over the words she was nearly singing i wanted to look at the pages were they the same that i had read or were there notes music lined on the pages as in a hymn book her sounds began cascading gently i knew from listening to a thousand preachers that she was nearing the end of her reading and i hadn’t really heard heard to understand a single word“ how do you like that” it occurred to me that she expected a response the sweet vanilla flavor was still on my tongue and her reading was a wonder in my ears i had to speak i said “ yes ma’am” it was the least i could do but it was the most also “ there’s one more thing take this book of poems and memorize one for me next time you pay me a visit i want you to recite” i have tried often to search behind the sophistication of years for the enchantment i so easily found in those gifts the essence escapes but its aura remains to be allowed no invited into the private lives of strangers and to share their joys and fears was a chance to exchange the southern bitter wormwood for a cup of mead with beowulf or a hot cup of tea and milk with oliver twist when i said aloud “ it is a far far better thing that i do than i have ever done ” tears of love filled my eyes at my selflessness on that first day i ran down the hill and into the road few cars ever came along it and had the good sense to stop running before i reached the store i was liked and what a difference it made i was respected not as mrs henderson’s grandchild or bailey’s sister but for just being marguerite johnson childhood’s logic never asks to be proved all conclusions are absolute i didn’t question why mrs flowers had singled me out for attention nor did it occur to me that momma might have asked her to give me a little talking-to all i cared about was that she had made tea cookies for me and read to me from her favorite book it was enough to prove that she liked me
2006	Povia	Vorrei avere il becco	"vorrei avere il becco per accontentarmi delle briciole concentrato e molto attento si ma con la testa fra le nuvole capire i sentimenti quando nascono e quando muoiono perciò vorrei avere i sensi per sentire il pericolo se tutti quanti lo sanno ma hanno paura che l'amore è un inganno oh ce l'ha fatta mia nonna per anni con mio nonno in campagna più o meno come fa un piccione lo so che e brutto il paragone però vivrei con l'emozione di dare fiducia a chi mi tira il pane più o meno come fa un piccione l'amore sopra il cornicione ti starei vicino nei momenti di crisi e lontano quando me lo chiedi dimmi che ci credi e che ti fidi un giorno avevo il vento che mi accompagnava su una tegola a volte sono solo e mi spavento cosa cì fanno due piccioni in una favola se tutti quanti lo sanno ma hanno paura che l'amore è un inganno oh me l'ha detto mia nonna "" lo sai quante volte non pensavo a tuo nonno"" più o meno come fa un piccione e mica come le persone che a causa dei particolari mandano per aria sogni e grandi amori camminerò come un piccione a piedi nudi sull'asfalto chi guida crede che mi mette sotto ma io con un salto all'ultimo momento volerò ma non troppo in alto perché il segreto è volare basso e un piccione vola basso ma è per questo che ti fa un dispetto ma è per questo che anche io non lo sopporto noi però alla fine resteremo insieme più o meno come fa un piccione l'amore sopra il cornicione ti starò vicino nei momenti di crisi e lontano quando me lo chiedi dimmi che ci credi ci sveglieremo la mattina due cuori sotto una campana"
2007	Simone Cristicchi	Ti regalerò una rosa	ti regalerò una rosa una rosa rossa per dipingere ogni cosa una rosa per ogni tua lacrima da consolare e una rosa per poterti amare ti regalerò una rosa una rosa bianca come fossi la mia sposa una rosa bianca che ti serva per dimenticare ogni piccolo dolore mi chiamo antonio e sono matto sono nato nel ' e vivo qui da quando ero bambino credevo di parlare col demonio così mi hanno chiuso quarant'anni dentro a un manicomio ti scrivo questa lettera perché non so parlare perdona la calligrafia da prima elementare e mi stupisco se provo ancora un'emozione ma la colpa è della mano che non smette di tremare io sono come un pianoforte con un tasto rotto l'accordo dissonante di un'orchestra di ubriachi e giorno e notte si assomigliano nella poca luce che trafigge i vetri opachi me la faccio ancora sotto perché ho paura per la società dei sani siamo sempre stati spazzatura puzza di piscio e segatura questa è malattia mentale e non esiste cura ti regalerò una rosa una rosa rossa per dipingere ogni cosa una rosa per ogni tua lacrima da consolare e una rosa per poterti amare ti regalerò una rosa una rosa bianca come fossi la mia sposa una rosa bianca che ti serva per dimenticare ogni piccolo dolore i matti sono punti di domanda senza frase migliaia di astronavi che non tornano alla base sono dei pupazzi stesi ad asciugare al sole i matti sono apostoli di un dio che non li vuole mi fabbrico la neve col polistirolo la mia patologia è che son rimasto solo ora prendete un telescopio… misurate le distanze e guardate tra me e voi… chi è più pericoloso dentro ai padiglioni ci amavamo di nascosto ritagliando un angolo che fosse solo il nostro ricordo i pochi istanti in cui ci sentivamo vivi non come le cartelle cliniche stipate negli archivi dei miei ricordi sarai l'ultimo a sfumare eri come un angelo legato ad un termosifone nonostante tutto io ti aspetto ancora e se chiudo gli occhi sento la tua mano che mi sfiora ti regalerò una rosa una rosa rossa per dipingere ogni cosa una rosa per ogni tua lacrima da consolare e una rosa per poterti amare ti regalerò una rosa una rosa bianca come fossi la mia sposa una rosa bianca che ti serva per dimenticare ogni piccolo dolore mi chiamo antonio e sto sul tetto cara margherita son vent'anni che ti aspetto i matti siamo noi quando nessuno ci capisce quando pure il tuo migliore amico ti tradisce ti lascio questa lettera adesso devo andare perdona la calligrafia da prima elementare e ti stupisci che io provi ancora un'emozione sorprenditi di nuovo perché antonio sa volare
2008	Giò Di Tonno, Lola Ponce	Colpo di fulmine	bella fritz strofa quando ho iniziato co' 'sta roba è stato un vero flash colpo di fulmine hai presente il logo delle clash ogni giorno avanti e dietro cappuccio e sguardo tetro guardavo le pezzate in metro attraverso il vetro niente stile con lo spray ma il mio life style era già wild chiedi a ice chiedi a mind più o meno così andava contro il sistema e contro chi ci si schierava mentre l' a t m ci schedava faccevo shopping per i miei bobby già dal mattino con biso quando c'era mango in via torino se provavo a spiegarlo a mia mamma diceva che cosa che ne sapeva lei di blocchi flop e fat rosa tu invece sai chi è fritz perché adesso fa anche il beat conosci luca barcellona ma non sai chi è bean sei bravo in hall of fame con la bozza al palmo ma se ti dico nero inferno non sai di che cazzo parlo ricordo le nottate con rauto e con etra in giro a bombardare milano sembrava il vietnam ricordo quella fuga backjump già toccato e fuga le tag dietro il finestrino la a t mmino suca rispetto per chi lo spinge lo ha fatto nelle provincie rispetto per la shalbo e la i schifo te che non ci vedi l'arte siamo in un mondo a parte sui palazzi e nelle yarde con bombe e marker bella pela bella mark non dimentico quelle fumate ad usmate anche d'estate in bomboclat la mia crew palermo u f s fino alle fine tipo un entuen in culo all' f s nessun rispetto per chi non ha proprie idee fanculo i toy non fare l'eroe non sei ray manco aloe non necessariamente hardcore come tony montana ma con una montana hardcore in metropolitana frà i miei raga con la pietra sopra il pullman mentre qualche passeggero insulta spera il controllore dia una multa gente da giungla mica i fighetti sulla smart se non vuoi far saltare la yard occhio con il whole car ormai che ho chiuso il graffiti ma il mio nome è ancora per la city sopra qualche cartellone niente è come quella sensazione no quando uno sbirro sa come mi chiamo ma non sa che faccia ho
2009	Marco Carta	La forza miav	aprire gli occhi e ritrovarti qui e' come aprire una finestra al sole e' l'emozione del salto nel vuoto che mi porta da te aprire gli occhi e ritrovarti qui e' risvegliarsi mani nelle mani e' un bacio ad acqua salata che ancora più sete di te mi da quando tutto sembrava ormai spento nel mio mondo cercavo te quando tutto sembrava finito guardando il fondo invece ho sentito che tu sarai la forza mia la mia strada il mio domani il mio sole la pioggia il fuoco e l'acqua dove io mi tufferò tu sarai la forza mia il mio gancio in mezzo al cielo il colpo al cuore all'improvviso dentro me dentro me aprire gli occhi e ritrovarti qui lasciarsi andare sotto il temporale sentire come mi manca il respiro se i tuoi occhi accendono i miei quando tutto sembrava ormai spento nel mio mondo volevo te quando tutto sembrava sbiadito toccando il fondo invece ho sentito che tu sarai la forza mia la mia strada il mio domani il mio sole e la pioggia il fuoco e la goccia dove io mi tufferò tu sarai la forza mia il mio gancio in mezzo al cielo il colpo al cuore il paradiso dentro me il mio gancio in mezzo al cielo il colpo al cuore il paradiso dentro me dentro me tu sarai la forza mia tu sarai la forza mia tu sarai la forza mia tu sarai la forza mia dentro me dentro me
2010	Valerio Scanu	Per tutte le volte che…	per tutte le volte che mi dici basta e basta piщ non и non corrisponde il flusso delle tue parole al battito del cuore per tutte le volte che mi chiedi scusa e scusa piщ non и ma trovi sempre il modo di farmi sembrare il simbolo del male per tutte le volte che € tua colpa o forse non lo и ma il dubbio basta a farmi ritrovare quella voglia di gridare ma poi c'и una volta in cui scatta qualcosa fuori e dentro di noi e tutto il resto € piccolo come uno spillo impercettibile come se un giorno freddo in pieno inverno nudi non avessimo poi tanto freddo perchй noi coperti sotto il mare a far l'amore in tutti i modi in tutti i luoghi in tutti i laghi in tutto il mondo l'universo che ci insegue ma ormai siamo irraggiungibili per tutte le volte che un pugno al muro nulla fa perchй questo dolore € dolce come il miele confrontato con il male che noi ci facciamo se cosм potente questo amore che ci difendiamo con tutta la forza ma non basta quasi mai come se un giorno freddo in pieno inverno nudi non avessimo poi tanto freddo perchй noi coperti sotto il mare a far l'amore in tutti i modi in tutti i luoghi in tutti i laghi in tutto il mondo l'universo che ci si insegue ma ormai siamo irraggiungibili irraggiungibili mm come se un giorno freddo in pieno inverno nudi non avessimo poi tanto freddo perchй noi coperti sotto il mare a far l'amore in tutti i modi in tutti i luoghi in tutti i laghi in tutto il mondo l'universo l'universo l'universo come se un giorno freddo in pieno inverno nudi non avessimo poi tanto freddo perchй noi coperti sotto il mare ma far l'amore ma ormai siamo irraggiungibili mm mm mm
2011	Roberto Vecchioni	Chiamami ancora amore	e per la barca che è volata in cielo che i bimbi ancora stavano a giocare che gli avrei regalato il mare intero pur di vedermeli arrivare per il poeta che non può cantare per l'operaio che ha perso il suo lavoro per chi ha vent'anni e se ne sta a morire in un deserto come in un porcile e per tutti i ragazzi e le ragazze che difendono un libro un libro vero così belli a gridare nelle piazze perché stanno uccidendoci il pensiero per il bastardo che sta sempre al sole per il vigliacco che nasconde il cuore per la nostra memoria gettata al vento da questi signori del dolore chiamami ancora amore chiamami sempre amore che questa maledetta notte dovrà pur finire perché la riempiremo noi da qui di musica e parole chiamami ancora amore chiamami sempre amore in questo disperato sogno tra il silenzio e il tuono difendi questa umanità anche restasse un solo uomo chiamami ancora amore chiamami ancora amore chiamami sempre amore perché le idee sono come farfalle che non puoi togliergli le ali perché le idee sono come le stelle che non le spengono i temporali perché le idee sono voci di madre che credevamo di avere perso e sono come il sorriso di dio in questo sputo di universo chiamami ancora amore chiamami sempre amore che questa maledetta notte dovrà ben finire perché la riempiremo noi da qui di musica e parole chiamami ancora amore chiamami sempre amore continua a scrivere la vita tra il silenzio e il tuono difendi questa umanità che è così vera in ogni uomo chiamami ancora amore chiamami ancora amore chiamami sempre amore chiamami ancora amore chiamami sempre amore che questa maledetta notte dovrà pur finire perché la riempiremo noi da qui di musica e parole chiamami ancora amore chiamami sempre amore in questo disperato sogno tra il silenzio e il tuono difendi questa umanità anche restasse un solo uomo chiamami ancora amore chiamami ancora amore chiamami sempre amore perché noi siamo amore
2012	Emma	Non è l’inferno	ho dato la vita e il sangue per il mio paese e mi ritrovo a non tirare a fine mese in mano a dio le sue preghiere ho giurato fede mentre diventavo padre due guerre senza garanzia di ritornare solo medaglie per l'onore se qualcuno sente queste semplici parole parlo per tutte quelle povere persone che ancora credono nel bene se tu che hai coscienza guidi e credi nel paese dimmi cosa devo fare per pagarmi da mangiare per pagarmi dove stare dimmi che cosa devo fare no questo no non è l'inferno ma non comprendo com'è possibile pensare che sia più facile morire no non lo pretendo ma ho ancora il sogno che tu mi ascolti e non rimangano parole ho pensato a questo invito non per compassione ma per guardarla in faccia e farle assaporare un po' di vino e un poco di mangiare se sapesse che fatica ho fatto per parlare con mio figlio che a anni teme il sogno di sposarsi e la natura di diventare padre se sapesse quanto sia difficile il pensiero che per un giorno di lavoro c'è chi ha ancora più diritti di chi ha creduto nel paese del futuro no questo no non è l'inferno ma non comprendo com'è possibile pensare che sia più facile morire no non lo pretendo ma ho ancora il sogno che tu mi ascolti e non rimangano parole non rimangono parole na na na na na com'è possibile pensare che sia più facile morire io no non lo pretendo ma ho ancora il sogno che tu mi ascolti e non rimangano parole non rimangano parole non rimangano parole
2013	Marco Mengoni	L’Essenziale	"strofa sostengono gli eroi: "" se il gioco si fa duro è da giocare"" beati loro poi se scambiano le offese con il bene succede anche a noi di far la guerra e ambire poi alla pace e nel silenzio mio annullo ogni tuo singolo dolore per apprezzare quello che non ho saputo scegliere ritornello mentre il mondo cade a pezzi io compongo nuovi spazi e desideri che appartengono anche a te che da sempre sei per me l'essenziale strofa non accetterò un altro errore di valutazione l'amore è in grado di celarsi dietro amabili parole che ho pronunciato prima che fossero vuote e stupide ritornello mentre il mondo cade a pezzi io compongo nuovi spazi e desideri che appartengono anche a te mentre il mondo cade a pezzi mi allontano dagli eccessi e dalle cattive abitudini tornerò all'origine torno a te che sei per me l'essenziale l'amore non segue le logiche ti toglie il respiro e la sete ritornello mentre il mondo cade a pezzi io compongo nuovi spazi e desideri che appartengono anche a te mentre il mondo cade a pezzi mi allontano dagli eccessi e dalle cattive abitudini tornerò all'origine torno a te che sei per me l'essenziale"
2014	Arisa	Controvento	io non credo nei miracoli meglio che ti liberi meglio che ti guardi dentro questa vita lascia i lividi questa mette i brividi certe volte è più un combattimento c'è quel vuoto che non sai che poi non dici mai che brucia nelle vene come se il mondo è contro te e tu non sai il perché lo so me lo ricordo bene io sono qui per ascoltare un sogno non parlerò se non ne avrai bisogno ma ci sarò perché così mi sento accanto a te viaggiando controvento risolverò magari poco o niente ma ci sarò e questo è l'importante acqua sarò che spegnerà un momento accanto a te viaggiando controvento tanto il tempo solo lui lo sa quando e come finirà la tua sofferenza e il tuo lamento c'è quel vuoto che non sai che poi non dici mai che brucia nelle vene come se il mondo è contro te e tu non sai il perché lo so me lo ricordo bene io sono qui per ascoltare un sogno non parlerò se non ne avrai bisogno ma ci sarò perché cosi mi sento accanto a te viaggiando controvento risolverò magari poco o niente ma ci sarò e questo è l'importante acqua sarò che spegnerà un momento accanto a te viaggiando controvento viaggiando controvento viaggiando controvento acqua sarò che spegnerà un momento accanto a te viaggiando controvento
2015	Il Volo	Grande Amore	strofa dovremmo monetizzare questo nostro grande amore con dei video virali o dei post svergognati da mi piace io e te sponsorizzati venduti a decine di migliaia di euro ai brand tu immagina i bond di questo nostro grande amore in base al tuo tasso d'interesse per me che tiene più dell' america più della goldman sachs regge più della cina di shenzhen e shanghai ritornello e non ha lunedì neri non conosce default senza banche centrali senza w t o e non ha lunedì neri non conosce default senza banche centrali senza w t o dovremmo monetizzare questo nostro grande amore strofa prendendo l'ispirazione da questo nostro grande amore per un libro una serie o per un film commerciale in sale la vigilia di natale potremmo vivere anche solo dei diritti s i a e oppure immagina i bond di questo nostro grande amore con tutto l'investimento che ho per te che tiene più dell' america più della goldman sachs regge più della cina di shenzhen e shanghai ritornello e non ha lunedì neri non conosce default senza banche centrali senza w t o e non ha lunedì neri non conosce default senza banche centrali senza w t o dovremmo monetizzare questo nostro grande amore questo nostro grande amore
2016	Stadio	Un giorno mi dirai	un giorno ti dirò che ho rinunciato alla mia felicità per te e tu riderai riderai e tu riderai di me un giorno ti dirò che ti volevo bene più di me e tu riderai riderai tu riderai di me e mi dirai che un padre non deve piangere mai non deve piangere mai e mi dirai che un uomo deve sapere difendersi… na na na na un giorno ti dirò che ho rinunciato agli occhi suoi per te e tu non capirai e mi chiederai… perché e mi dirai che un padre non deve piangere mai non deve arrendersi mai tu mi dirai che un uomo deve sapere proteggersi… uoh ouh ouh ouh un giorno mi dirai che un uomo ti ha lasciata e che non sai più come fare a respirare a continuare a vivere io ti dirò che un uomo può anche sbagliare lo sai si può sbagliare lo sai ma che se era vero amore e’ stato meglio comunque viverlo ma tu non mi ascolterai già so che tu non mi capirai e non mi crederai piangendo tu mi stringerai uoh ouh ouh ouh
2017	Francesco Gabbani	Occidentali's Karma	strofa essere o dover essere il dubbio amletico contemporaneo come l'uomo del neolitico nella tua gabbia x mettiti comodo intellettuali nei caffè internettologi soci onorari al gruppo dei selfisti anonimi l’intelligenza è démodé risposte facili dilemmi inutili bridge a a a cercasi cerca sì storie dal gran finale spèrasi spera sì comunque vada panta rei and singing in the rain ritornello lezioni di nirvana c'è il buddha in fila indiana per tutti un'ora d'aria di gloria alé la folla grida un mantra l’evoluzione inciampa la scimmia nuda balla occidentali's karma occidentali's karma la scimmia nuda balla occidentali's karma strofa piovono gocce di chanel su corpi asettici mettiti in salvo dall'odore dei tuoi simili tutti tuttologi col web coca dei popoli oppio dei poveri bridge a a a cercasi cerca sì umanità virtuale sex appeal sex appeal comunque vada panta rei and singing in the rain ritornello lezioni di nirvana c’è il buddha in fila indiana per tutti un'ora d'aria di gloria la folla grida un mantra l’evoluzione inciampa la scimmia nuda balla occidentali's karma occidentali's karma la scimmia nuda balla occidentali's karma strofa quando la vita si distrae cadono gli uomini occidentali's karma occidentali's karma la scimmia si rialza namasté alé ritornello lezioni di nirvana c’è il buddha in fila indiana per tutti un'ora d'aria di gloria la folla grida un mantra l’evoluzione inciampa la scimmia nuda balla occidentali's karma occidentali's karma la scimmia nuda balla occidentali's karma
2018	Ermal Meta e Fabrizio Moro	Non mi avete fatto niente	"strofa : ermal meta a il cairo non lo sanno che ore sono adesso il sole sulla rambla oggi non è lo stesso in francia c'è un concerto la gente si diverte qualcuno canta forte qualcuno grida "" a morte"" a londra piove sempre ma oggi non fa male il cielo non fa sconti neanche a un funerale a nizza il mare è rosso di fuochi e di vergogna di gente sull'asfalto e sangue nella fogna strofa : fabrizio moro e questo corpo enorme che noi chiamiamo terra ferito nei suoi organi dall' asia all' inghilterra galassie di persone disperse nello spazio ma quello più importante è lo spazio di un abbraccio di madri senza figli di figli senza padri di volti illuminati come muri senza quadri minuti di silenzio spezzati da una voce non mi avete fatto niente ritornello: ermal meta non mi avete fatto niente non mi avete tolto niente questa è la mia vita che va avanti oltre tutto oltre la gente non mi avete fatto niente non avete avuto niente perché tutto va oltre le vostre inutili guerre strofa : fabrizio moro c'è chi si fa la croce chi prega sui tappeti le chiese e le moschee gli imam e tutti i preti ingressi separati della stessa casa miliardi di persone che sperano in qualcosa strofa : ermal meta braccia senza mani facce senza nomi scambiamoci la pelle in fondo siamo umani perché la nostra vita non è un punto di vista e non esiste bomba pacifista ritornello: fabrizio moro non mi avete fatto niente non mi avete tolto niente questa è la mia vita che va avanti oltre tutto oltre la gente non mi avete fatto niente non avete avuto niente perché tutto va oltre le vostre inutili guerre le vostre inutili guerre strofa : ermal meta & fabrizio moro cadranno i grattacieli le metropolitane i muri di contrasto alzati per il pane ma contro ogni terrore che ostacola il cammino il mondo si rialza col sorriso di un bambino col sorriso di un bambino col sorriso di un bambino ritornello: ermal meta & fabrizio moro non mi avete fatto niente non avete avuto niente perché tutto va oltre le vostre inutili guerre non mi avete fatto niente le vostre inutili guerre non mi avete tolto niente le vostre inutili guerre non mi avete fatto niente le vostre inutili guerre non avete avuto niente le vostre inutili guerre outro: fabrizio moro & ermal meta sono consapevole che tutto più non torna la felicità volava come vola via una bolla"
